,MRO,zipcode,30miles?
1489,SpanaFlight,98374,1
540,"Avian Aeronautics, Inc.",98367,1
1474,"Soundair Repair Group, LLC",98290,1
671,Cannon Aircraft Interiors-Cai Avionics,98204,1
866,Esterline,98204,1
1314,"Precision Engines, LLC",98204,1
1367,Regal Air,98204,1
1634,Umbragroup S.p.a.,98204,1
1683,Waypoint Aeronautical,98204,1
582,"AvtechTyee, Inc.",98203,1
878,"Exotic Tool Welding, Inc.",98203,1
319,"AeroMech, Inc.",98201,1
1723,"Zodiac Northwest Aerospace Technologies, Inc.",98201,1
505,Asko Industrial Repair,98199,1
98,Fatigue Technology,98188,1
121,HEATCON Composite Systems,98188,1
150,Jet Parts Engineering,98134,1
1688,"West Coast Industries, Inc",98133,1
419,AirMark Corp,98125,1
421,"AirMark, Inc.",98125,1
634,Boeing Technology Services,98124,1
237,"A.C. Propeller Service, Inc.",98108,1
683,Cascade Helicopter Services.,98108,1
506,"Asko Processing, Inc.",98103,1
563,Aviation Technical Services,98072,1
255,"Ace Aviation, Inc.",98057,1
1203,Nabtesco Aerospace,98052,1
1492,Spectralux Corp.,98052,1
1722,Zodiac Lighting Solutions,98052,1
166,MAPAERO INC,98034,1
515,Astronics Advanced Electronics Systems,98034,1
1463,"Skye Tek, Inc.",98033,1
576,"Aviosupport, Inc.",98033,1
1247,"Pacific Propeller International, LLC",98032,1
449,"Allflight Corp., Seattle Div.",98032,1
481,Aquarese by Flow,98032,1
877,Exotic Metals Forming Company  Llc,98032,1
1244,Pacific Aero Tech,98032,1
431,"Airtech Instrument Co., Inc.",98002,1
280,"Aero Controls, Inc.",98001,1
384,"Aircom Avionics, Inc.",99709,#N/A
649,"Bristow Alaska, Inc.",99701,#N/A
664,"CAC Plastics, LLC",99654,#N/A
774,Custom Aircraft Inc.,99645,#N/A
813,Dominion Propeller Corp.,99518,#N/A
832,Eagle Enterprises Safety Solutions,99518,#N/A
882,"F Atlee Dodge Aircraft Services, LLC",99518,#N/A
1262,"Pegasus Aviation Services, LLC",99502,#N/A
304,"Aero Twin, Inc.",99501,#N/A
441,"Alaskan Aircraft Engines, Inc.",99501,#N/A
785,"Dan's Aircraft Repair, Inc.",99501,#N/A
1650,Uniwest,99301,#N/A
248,Absolute Aviation Services,99224,#N/A
1497,Spokane Industries,99220,#N/A
997,Herc Rentals,99206,#N/A
1465,SkyOne Aerospace LLC.,99206,#N/A
1278,Pexco Aerospace,98903,#N/A
1149,"Mark Airmotive, Inc.",98837,#N/A
1473,"Sonico, Inc.",98837,#N/A
1458,Sky Aerospace Engineering,98765,#N/A
1129,"LifePort, Inc.",98674,#N/A
285,Aero Maintenance Flight Center,98661,#N/A
1409,"Safeair, Inc.",98502,#N/A
919,"Four Star Accessory Overhaul, Inc.",98501,#N/A
367,Air Mods NW,98252,#N/A
672,"Cannon Avionics & Aircraft Maintenance, Inc.",98223,#N/A
741,"Commercial Aircraft Interiors, LLC",98223,#N/A
360,"Air Cargo Equipment, Inc.",98022,#N/A
1109,"Lancair Avionics, Inc.",97756,#N/A
778,CV International,97702,#N/A
706,"Chief Aircraft, Inc.",97526,#N/A
764,Croman Corp.,97501,#N/A
984,"Heli-Tech, Inc.",97402,#N/A
758,Corvallis Aero Services,97333,#N/A
863,Erickson Incorporated,97239,#N/A
1358,"R.S. Hughes Co., Inc.",97220,#N/A
1382,Rochem Aviation,97219,#N/A
1004,"Hillsboro Aviation, Inc.",97124,#N/A
1235,"Oregon Aero, Inc.",97056,#N/A
1396,"Rotor Wing Hawaii, Inc.",96819,#N/A
376,Air Service Hawaii,96819,#N/A
836,"Eastwest Avionics, Inc.",96819,#N/A
986,"Heliblade, Inc.",96007,#N/A
397,"Aircraft Heating & Electrical, Inc.",96003,#N/A
461,American Propeller Service,96002,#N/A
391,"Aircraft Electrical Components, Inc.",96001,#N/A
1243,Pac West Helicopters,96001,#N/A
1687,West Coast Helicopter & Accessories,96001,#N/A
874,Executive AutoPilots,95822,#N/A
320,Aerometals,95762,#N/A
922,"Freedom Aero Service, Inc.",95652,#N/A
1098,Kracon Aircraft Refinishing,95648,#N/A
1708,"Woodland Aviation, Inc.",95616,#N/A
1568,TGH Aviation,95602,#N/A
1580,"TMT Research Development, Inc.",95567,#N/A
1717,Yankee Composites,95453,#N/A
1380,Rivers Aviation Services,95401,#N/A
1461,Sky Trek Aviation,95354,#N/A
1397,"Rotor-Tech International, LLC",95215,#N/A
303,"Aero Turbine, Inc.",95206,#N/A
619,"Big Valley Aviation, Inc.",95206,#N/A
859,"Ens Technology, LLC",95054,#N/A
1128,Level III Ndt,95054,#N/A
68,California Radomes,95050,#N/A
231,Zip-chem Products,95037,#N/A
811,"DK Turbines, LLC",95023,#N/A
807,Direct Avionics,94945,#N/A
1704,Willis Lease Finance Co.,94939,#N/A
995,Henkel,94565,#N/A
158,"L. J. Walch Co., Inc.",94551,#N/A
291,Aero Precision,94551,#N/A
444,"ALCO Services, Inc.",94551,#N/A
1103,L.J. Walch Co Inc.,94551,#N/A
1528,Sullivan Propeller Specialists,94545,#N/A
182,North Bay Aviation,94534,#N/A
1672,"Victor Aviation Services, Inc.",94303,#N/A
1126,"Legacy Aircraft Instruments, Inc.",94131,#N/A
1645,United Technical Operations,94128,#N/A
1365,Realization Technologies Inc.,94085,#N/A
1166,"Metal Fusion, Inc.",94063,#N/A
789,"Davtron, Inc.",94062,#N/A
1649,Universal Technologies Corp.,94041,#N/A
267,"Advancetech Aircraft Maintenance, Inc.",93905,#N/A
422,"Airmotive Specialists, Inc.",93905,#N/A
427,"Airplane Co., Inc.",93905,#N/A
665,"Cal Pacific Airmotive, Inc.",93905,#N/A
479,APR Aviation,93727,#N/A
1395,"Ross Aviation, Fresno",93726,#N/A
587,B.C.H. Aviation Center,93706,#N/A
920,Frank X Ruiz Avionics,93706,#N/A
1172,"Mid Valley Aviation, Inc.",93635,#N/A
1215,"NIACC - Avitech Technologies, Inc.",93612,#N/A
1673,"Vintage Radials, Inc.",93561,#N/A
595,Barnes Aviation,93536,#N/A
730,"Coastal Valley Aviation, Inc.",93455,#N/A
794,"Del Rio Aviation, Inc.",93446,#N/A
1144,"Main Turbo Systems, Inc.",93292,#N/A
405,"Aircraft Mechanical Services, Inc.",93277,#N/A
1298,Ppg,93142,#N/A
1375,Rexnord Aerospace,93065,#N/A
993,Helipower Service,93060,#N/A
507,"Aspen Helicopters, Inc.",93030,#N/A
513,Astrolite Alloys,93030,#N/A
366,"Air Instro, Inc.",93021,#N/A
1381,"Ro-Wing Aviation, Inc.",93012,#N/A
1533,"Sun Air Jets, LLC.",93010,#N/A
305,"Aero-Craft Hydraulics, Inc.",92880,#N/A
74,"CIRCOR Aerospace, Inc.",92880,#N/A
35,Airmark International,92880,#N/A
720,Circor Aerospace & Defense,92880,#N/A
1248,Pacific Southwest Instruments,92880,#N/A
1383,"Rockwell Aviation Services, Inc.",92880,#N/A
1309,"Precision Airparts Support Services, Inc.",92840,#N/A
934,"General Aviation Co., Inc.",92833,#N/A
1630,U.S. Technical,92831,#N/A
196,Proponent,92821,#N/A
457,American Aircraft Maintenance,92707,#N/A
1153,Martin Aviation,92707,#N/A
1694,"Western Avionics, Inc.",92707,#N/A
1607,Triumph Processing - Embee Div.,92705,#N/A
180,Newport Aeronautical,92663,#N/A
1006,Hixson Metal Finishing,92663,#N/A
1475,Source One Aircraft Repair,92663,#N/A
1268,Perfect Point EDM,92649,#N/A
1352,"Quality Material Inspection, Inc.",92649,#N/A
1643,United Flight Accessories of California,92649,#N/A
941,"Global Tech Instruments, Inc.",92648,#N/A
1250,Panasonic Technical Services,92630,#N/A
466,"AMETEK Aerospace & Defense, Costa Mesa",92627,#N/A
494,Armite Lubricants,92627,#N/A
1059,"Jays Aircraft Maintenance, Inc.",92626,#N/A
840,"Eaton Aerospace Group, Fuel & Motion Control Systems Division, Irvine",92618,#N/A
1254,Parker Aerospace,92618,#N/A
1255,Parker Customer Support Operations - Aerospace,92618,#N/A
1025,Iac - International Aerospace Coatings,92617,#N/A
1043,International Aerospace Coatings,92617,#N/A
604,Bearing Return to Service by PAS MRO,92614,#N/A
1256,PAS MRO,92614,#N/A
567,"Avion Graphics, Inc.",92610,#N/A
1388,Rogerson Aircraft Corp.,92606,#N/A
353,"AIE, Inc.",92563,#N/A
1028,Ikhana Aircraft Services Inc.,92563,#N/A
253,"Accurate Accessories, LLC",92553,#N/A
994,"Hemet-Ryan Flight School, Inc.",92545,#N/A
982,"Heli-Flite, Inc.",92504,#N/A
294,"Aero Pro, LLC",92408,#N/A
1677,"Vreeman Associates, Inc.",92307,#N/A
1370,"Regional Avionics Repair, LLC",92276,#N/A
1106,"La Quinta Air Services, Inc.",92274,#N/A
709,Chromalloy - Calexico,92231,#N/A
796,"Delta Group Electronics, Inc., San Diego",92131,#N/A
938,"Gibbs Service Center, Inc.",92123,#N/A
1415,"Sanders Composites, Inc.",92123,#N/A
715,"Chromalloy, San Diego",92121,#N/A
898,"Flame Spray, Inc.",92120,#N/A
1040,"Interface Air Repair, Inc.",92081,#N/A
1574,Thornton Technology Corp.,92078,#N/A
767,"Cruiseair Aviation, Inc.",92065,#N/A
1035,Instrument Overhaul Avionics,92020,#N/A
1036,"Instrument Overhaul Service of San Diego, Inc.",92020,#N/A
1480,Southern Cal Aircraft Repair,92020,#N/A
724,"Civic Helicopters, Inc.",92011,#N/A
669,The Camlin Co.,91803,#N/A
438,"AirWorks, Inc.",91789,#N/A
1636,Unical,91789,#N/A
1637,Unical Aviation Inc.,91789,#N/A
1346,Qualified Technologies Corp.,91786,#N/A
472,Amroc,91767,#N/A
51,"Aviation Fuel Systems Repair, Inc.",91761,#N/A
73,Certified Aviation Services,91761,#N/A
188,"Otto Instrument Service, Inc.",91761,#N/A
1071,"Jet Zone, Inc.",91761,#N/A
818,Dow Hydraulic Systems,91750,#N/A
1017,"Howard Aviation, Inc.",91750,#N/A
1246,"Pacific Oil Cooler Service, Inc.",91750,#N/A
8,8tree,91729,#N/A
1115,"Landmark Electronics, Inc.",91722,#N/A
349,"Affordable Avionics, Inc.",91710,#N/A
554,"Aviation Maintenance Group, Inc.",91708,#N/A
463,Ameron Global Product Support,91706,#N/A
837,Eaton,91618,#N/A
1245,"Pacific Magnetic & Penetrant Co., Inc.",91605,#N/A
707,Chrisbarry Aircraft Corp.,91605,#N/A
831,E/M Coating Services,91605,#N/A
1355,"R & B Aircraft Supply, Inc.",91605,#N/A
951,"Gyro Specialist, Inc.",91601,#N/A
129,Hutchinson Aerospace,91505,#N/A
239,A.J. Levin Company,91505,#N/A
578,Avjet Corp.,91505,#N/A
1374,"Repairtech International, Inc.",91406,#N/A
537,Aviall Wheel & Brake Service - Van Nuys,91406,#N/A
273,"Aero Accessories, Inc.",91406,#N/A
307,"Aero-Nasch Aviation, Inc.",91406,#N/A
862,"Eon Instrumentation, Inc.",91406,#N/A
1573,Thornton Aircraft Co.,91406,#N/A
1667,"Velocity Aerospace, Inc., Van Nuys",91406,#N/A
312,Aerocon Engineering Co.,91405,#N/A
277,Aero Chrome Plating,91405,#N/A
401,"Aircraft Instrument Repair Labs, Inc.",91403,#N/A
245,Able Aerospace Adhesives,91355,#N/A
145,Itt Aerospace Controls,91355,#N/A
387,"Aircraft Component Repair, Inc.",91355,#N/A
388,"Aircraft Component Repair, Inc. (ACR)",91355,#N/A
1368,Regent Aerospace,91355,#N/A
1391,"Romi Industries, Inc.",91355,#N/A
1537,Sunvair Aerospace Group,91355,#N/A
1600,"Triumph Actuation Systems, Valencia, Inc.",91355,#N/A
810,"Dixon Hard Chrome, Inc.",91352,#N/A
975,Hawker Pacific Aerospace,91352,#N/A
987,"Helicopter Accessory Service, Inc.",91352,#N/A
1102,L.A. X-RAY,91352,#N/A
1125,"Lee Air Co., Inc.",91352,#N/A
673,Canyon Welding,91351,#N/A
1238,Otto Avionics Repair Center,91351,#N/A
189,"Packaging Systems, Inc.",91350,#N/A
426,"Airpac Enterprises, Inc.",91342,#N/A
425,Airo Industries Co.,91340,#N/A
666,California Technical Plating Corp.,91340,#N/A
921,"Frazier Aviation, Inc.",91340,#N/A
247,Able Air Corp.,91331,#N/A
822,"Dukes Aerospace, Inc.",91324,#N/A
801,"DesignworksUSA, Inc.",91320,#N/A
187,Ontic,91311,#N/A
445,Align Aerospace,91311,#N/A
446,Align Aerospace LLC,91311,#N/A
504,"Asil Aerospace, Inc.",91311,#N/A
1023,Hydraulics International Inc.,91311,#N/A
571,"Avionics Plus, Inc.",91206,#N/A
917,Fortner Engineering,91201,#N/A
916,Fortner Accessory Service Corp.,91201,#N/A
1155,Mask-off,91016,#N/A
849,Element Materials Technology,91010,#N/A
1094,KGS Electronics,91006,#N/A
55,Aviation Repair Solutions,90813,#N/A
206,"Shimadzu Precision Instruments, Inc.",90808,#N/A
1306,Precision Aero Technology,90806,#N/A
1307,Precision Aero Technology (PAT),90806,#N/A
1481,"Southern California Radar & Microwave Service, Inc.",90755,#N/A
1508,Stanford Mu - Airborne Components Div.,90746,#N/A
821,Ducommun,90745,#N/A
1097,"Kool Air Technology, LLC",90723,#N/A
500,Arrowhead Products,90720,#N/A
603,"Bearing Inspection, Inc, Aero Services By Timken",90720,#N/A
623,"Bii, Aero Services by Timken",90720,#N/A
775,"Custom Aircraft Interiors, Inc.",90712,#N/A
1162,McStarlite Company,90710,#N/A
25,Agse/Westmont,90670,#N/A
1183,"Mitchell Laboratories, Inc.",90660,#N/A
91,Desser,90640,#N/A
1193,MROtechnologies.com,90630,#N/A
953,"Hadd-Co Inspection Lab, Inc.",90505,#N/A
1288,"Plasma Technology, Inc.",90501,#N/A
763,"Creative Pathways, Inc.",90501,#N/A
820,"DS Tool Technology, Inc.",90501,#N/A
1685,Weld Lab,90302,#N/A
839,"Eaton Aerospace Group, Fuel & Motion Control Systems Division, Ingelwood",90301,#N/A
1199,Multichrome/Microplate Co. Inc.,90301,#N/A
806,"Dickson Testing Co., Inc.",90280,#N/A
781,"D. Elsworth, Inc.",90250,#N/A
710,Chromalloy - Los Angeles,90249,#N/A
124,"Herber Aircraft Service, Inc.",90245,#N/A
474,Anachem Laboratories,90245,#N/A
881,F & E Aircraft Maintenance,90245,#N/A
1090,Kellstrom Defense,90245,#N/A
1419,"SATCO, Inc., Los Angeles",90245,#N/A
1626,Twu Local 564,90245,#N/A
643,"Bowman Plating Co., Inc.",90222,#N/A
850,Element Rancho Dominguez,90220,#N/A
1302,"Praxair Surface Technologies, Inc.",90220,#N/A
848,"Electrolizing, Inc.",90011,#N/A
713,"Chromalloy, Nevada",89706,#N/A
765,Cross Check Aviation Parts,89511,#N/A
1347,"Quality Air Services, Inc.",89431,#N/A
1021,"Hutt Aviation, Inc.",89423,#N/A
66,"Bruce Aerospace, Inc.",89403,#N/A
1134,"Lone Mountain Aviation, Inc.",89130,#N/A
628,Black Mountain Avionics,89005,#N/A
989,"Helicopter Services Of Nevada, LLC",89005,#N/A
1518,Stewart Industries International Roswell,88203,#N/A
533,Avflight Roswell,88203,#N/A
1417,Santa Fe Aero Services LLC,87507,#N/A
0,"Aeroparts Manufacturing & Repair, Inc.",87124,#N/A
287,"Aero Mechanical Industries, Inc.",87124,#N/A
1653,"Utilicraft Aerospace Industries, Inc.",87121,#N/A
1671,Vibrant Corp.,87113,#N/A
218,Ultramain Systems,87109,#N/A
1233,ONE Aviation Corp.,87106,#N/A
487,Arizona Air-Craftsman,86301,#N/A
1425,Scott Instrument Co.,86301,#N/A
1647,Universal Avionics Systems Corporation,85756,#N/A
1429,"Securaplane Technologies, Inc.",85755,#N/A
1486,"Southwest Avionics, Inc.",85735,#N/A
677,Cappsco International Corp.,85719,#N/A
154,K&M Industry (Product name StrutWipe),85712,#N/A
432,"Airtronics, Inc.",85710,#N/A
1319,Premier Aviation,85706,#N/A
354,"AIM, LLC",85705,#N/A
399,"Aircraft Inspection & Management, LLC.",85705,#N/A
462,"American Turbo Systems, Inc.",85705,#N/A
40,Ascent Aviation Services,85653,#N/A
110,"Galaxy International, Inc.",85338,#N/A
510,"Associated Painters, Inc., Arizona",85338,#N/A
931,Galaxy International Inc.,85338,#N/A
684,"Castle Aeronautics, LLC",85308,#N/A
436,"Airwest Helicopters, LLC",85307,#N/A
1303,"Praxis Resources, Inc.",85295,#N/A
19,Aero-zone,85286,#N/A
392,"Aircraft Engine Specialists, LLC",85286,#N/A
967,Harter Aerospace,85283,#N/A
658,"Butler National Corp., Tempe",85282,#N/A
1057,"Jansens Aircraft Systems Controls, Inc.",85282,#N/A
1281,"Phoenix Air Repair, Inc.",85281,#N/A
1282,"Phoenix Aviation Services, LLC",85281,#N/A
208,StandardAero,85253,#N/A
52,"Aviation Mining Solutions, LLC",85233,#N/A
377,Air Transport Components,85233,#N/A
1269,Perform Air International Inc.,85233,#N/A
46,AvAir,85226,#N/A
1601,Triumph Air Repair,85226,#N/A
1619,"TurbineAero, Inc.",85226,#N/A
144,ITS,85225,#N/A
1414,"San Tan Aviation, LLC",85225,#N/A
1270,"Perform Air International, Inc.",85223,#N/A
991,"Heliponents, Inc.",85215,#N/A
318,"AeroMaritime America, Inc.",85215,#N/A
374,"Air Response, Inc.",85215,#N/A
489,"Arizona Aircraft Interior Designs, Inc.",85215,#N/A
887,"Falcon Executive Aviation, Inc.",85215,#N/A
1151,Marsh Aviation Co.,85215,#N/A
1553,"Tango One Aviation, Inc.",85215,#N/A
244,Able Aerospace,85212,#N/A
246,"Able Aerospace Services, Inc.",85212,#N/A
488,Arizona Aircraft Accessories,85212,#N/A
473,"AmSafe, Inc.",85043,#N/A
711,"Chromalloy, Arizona",85043,#N/A
345,"Aerotec International, Inc.",85040,#N/A
11,Advanced Materials Technologies,85034,#N/A
127,Honeywell,85034,#N/A
364,"Air Gear Industries International, Inc.",85034,#N/A
1010,Honeywell Phoenix Repair & Overhaul,85034,#N/A
259,ACSS Repair & Overhaul,85027,#N/A
894,"Fire-Tec Aero Systems, LLC",85027,#N/A
1229,"Ohlinger Industries, Inc.",85027,#N/A
503,ASI Services Intl. LLC,85024,#N/A
174,MR Steel,85019,#N/A
883,"F&B Mfg, LLC",85019,#N/A
703,"ChemResearch Co., Inc.",85007,#N/A
1544,TAC Air PVU,84601,#N/A
1093,Keystone Aviation,84116,#N/A
1096,"Kings Avionics, Inc.",84116,#N/A
1146,"Malmrose Heli-Services, Inc.",84095,#N/A
1308,"Precision Air Power, LLC",84087,#N/A
1517,Stewart Air Services,84058,#N/A
1720,ZERO Cases,84054,#N/A
1042,"Intermountain Turbine Services, Inc.",84042,#N/A
1695,WesTest Engineering Corporation,84025,#N/A
233,145 â€“ The145.com,84004,#N/A
857,Empire Aerospace,83835,#N/A
18,AERO Specialties,83713,#N/A
1316,"Precision Propeller Service, Inc.",83705,#N/A
562,"Aviation Specialties Unlimited, Inc.",83705,#N/A
988,Helicopter Maintenance Corp.,83705,#N/A
1055,Jackson Jet Center,83705,#N/A
1693,"Western Aircraft, Inc.",83705,#N/A
1204,"Nampa Valley Helicopters, Inc.",83642,#N/A
475,"Anderson Aeromotive, Inc.",83530,#N/A
428,"Airpower Unlimited, LLC",83338,#N/A
1001,"High Range Aviation, Inc.",83330,#N/A
574,"Avionics Shop, Inc.",83301,#N/A
1294,"Positron Systems, Inc.",83201,#N/A
621,"Bighorn Airways, Inc.",82801,#N/A
1356,R & G Aircraft Service,82633,#N/A
1154,"Martin Pneumatics, Inc.",82520,#N/A
1690,"West Star Aviation, Inc., Grand Junction",81506,#N/A
614,Berkshire Instrument,81401,#N/A
798,"Depot Avionics, Inc.",81101,#N/A
816,"Doss Aviation, Inc.",80917,#N/A
977,"Hayes Aviation, LLC",80720,#N/A
606,"Beegles Aircraft Service, Inc.",80631,#N/A
575,"Avionics Specialists, LLC",80538,#N/A
1210,"The New Firewall Forward, Inc.",80538,#N/A
983,"Heli-One, Colorado",80524,#N/A
301,"Aero Systems, Inc.",80516,#N/A
1387,"Rocky Mountain Propellers, Inc.",80516,#N/A
909,Flow Systems Inc.,80513,#N/A
340,"Aerospace Technologies International, Inc.",80301,#N/A
565,Aviation Window Services,80301,#N/A
1692,Western Aero,80229,#N/A
985,"Heliarc Welding Service, Inc.",80207,#N/A
482,Arapahoe Aero Avionics,80112,#N/A
512,"Astrodyne International, Inc.",80112,#N/A
690,Centennial Aircraft Interiors Corp.,80112,#N/A
692,"Centennial Instruments, Inc.",80112,#N/A
1443,"Signature Flight Support, Denver (APA)",80112,#N/A
1519,"Straight Flight, Inc.",80112,#N/A
1644,United Rotorcraft,80112,#N/A
1591,"Tri-County Instruments, Inc.",80026,#N/A
295,"Aero Propeller & Accessories, Inc.",80021,#N/A
1209,Network Global Logistics (NGL,80021,#N/A
1514,"Stevens Aviation, Inc., Denver",80021,#N/A
142,International Governor Services,80020,#N/A
845,"El Paso Aero, Inc.",79925,#N/A
793,Deer Horn Aviation Ltd. Co.,79711,#N/A
1174,Midland Development Corporation,79701,#N/A
1527,"Sturgill Turbine Service, Inc.",79602,#N/A
1585,Tradewind Turbines Corp.,79120,#N/A
573,"Avionics Services, Inc.",78801,#N/A
1490,Sparkcognition Inc.,78759,#N/A
860,Enterprise Ireland,78701,#N/A
1049,Ireland,78701,#N/A
402,"Aircraft Instrument Support Services, Inc.",78633,#N/A
1104,"L2Consulting Services, Inc.",78620,#N/A
524,"Austin Aerotech Repair Services, Inc.",78613,#N/A
268,"Advantage Aircraft Services, Inc.",78406,#N/A
525,Automated Cleaning Technologies,78249,#N/A
1405,"SA Aerotec Scientific, Inc.",78233,#N/A
714,"Chromalloy, San Antonio",78226,#N/A
1507,"StandardAero, San Antonio",78226,#N/A
1560,Tech Port San Antonio,78226,#N/A
1194,"MT Texas, LLC",78217,#N/A
1084,"Jordan Propeller Service, Inc.",78216,#N/A
278,Aero Comfort,78216,#N/A
298,"Aero Sky, LLC",78216,#N/A
723,City Plating and Metal Finishing,78216,#N/A
1499,"ST Aerospace San Antonio, L.P.",78216,#N/A
1500,ST Engineering,78216,#N/A
1501,ST Engineering Aerospace,78216,#N/A
1718,"The Zee Co., Inc.",78216,#N/A
87,Dean Baldwin Painting LP,78163,#N/A
1072,"Jet-Aero, Inc.",78163,#N/A
768,Crystal Avionics,78130,#N/A
572,Avionics Services International,78041,#N/A
1189,Mooney International,78028,#N/A
1249,Page Aviation,78014,#N/A
323,"AeroPlus Interiors, Inc.",77583,#N/A
1015,"Houston Aircraft Instruments, Inc.",77581,#N/A
96,"F.E Moran, Inc. Special Hazard Systems",77571,#N/A
447,"All Star Avionics, Inc.",77571,#N/A
971,"Harvey & Rihn Aviation, Inc.",77571,#N/A
1122,Laversab Inc.,77478,#N/A
42,"Atec, Inc.",77477,#N/A
1117,"Lane Aviation, Inc.",77471,#N/A
1571,Thomas Instrument,77423,#N/A
1378,"Rite-Way Aviation, Inc.",77379,#N/A
442,Alberth Aviation,77375,#N/A
667,"Calkins Aero Service, Inc.",77084,#N/A
1064,Jet Aviation Houston,77061,#N/A
1231,"Omega Aviation Services, Inc.",77061,#N/A
1565,"Temple Electronics Co., Inc.",77061,#N/A
252,"AccuFleet International, Inc.",77060,#N/A
45,AV8 Group,77040,#N/A
125,Hisco,77040,#N/A
527,Av8 PMA,77040,#N/A
456,"American Aeromotive Components, Inc.",77039,#N/A
1037,Intech Aerospace,77032,#N/A
1707,Wood Group Gas Turbine Services,77032,#N/A
365,"Air Impressions, Inc.",76708,#N/A
629,"Blackhawk Modifications, Inc.",76708,#N/A
1362,RAM Aircraft L.P.,76708,#N/A
936,Georgetown Instrument Services,76574,#N/A
880,"Ezell Aviation, Inc.",76424,#N/A
1510,Starks Aviation,76374,#N/A
1018,"HTA Aviation, LLC",76262,#N/A
1546,"Tacor, Inc.",76259,#N/A
386,"Aircraft Carburetor & Injection Services of Texas, LLC",76247,#N/A
869,"Excel Aviation, Inc.",76240,#N/A
331,"Aerospace Instrument Support, Inc.",76207,#N/A
27,"Airbase Services, Inc.",76155,#N/A
290,"Aero Parts Mart, Inc.",76133,#N/A
1208,"NDE LABS, Inc.",76126,#N/A
609,"Bell Helicopter Textron, Inc.",76118,#N/A
611,Benz Engineering,76118,#N/A
891,"Fellfab Corp., Texas",76118,#N/A
1273,"Perkins Aircraft Services, Inc.",76116,#N/A
75,Co-operative Industries Aerospace & Defense,76108,#N/A
717,CIA&D,76108,#N/A
650,Broadie's Aircraft & Engine Service,76106,#N/A
1400,"RSG Aviation, Inc.",76106,#N/A
1594,"Trimec Aviation, Inc.",76106,#N/A
117,Graco Supply Company,76105,#N/A
155,Killick Aerospace,76092,#N/A
734,"Colt Aviation, LLC",76092,#N/A
914,"Fort Wolters Helicopters, Inc.",76067,#N/A
95,"Evans Composites, Inc.",76063,#N/A
1371,"Reliance AeroProducts International, Inc.",76063,#N/A
352,"Ahlers Aerospace, Inc.",76053,#N/A
551,"Aviation Industry Repair, Inc.",76053,#N/A
930,"Galactic Services, Inc.",76053,#N/A
601,BBA Aviation Engine Repair & Overhaul,76051,#N/A
784,"Dallas Airmotive, Inc.",76051,#N/A
1198,"MTU Maintenance Dallas, Inc.",76051,#N/A
1523,"STS Line Maintenance, Dallas/Ft. Worth",76051,#N/A
1617,Turbine Source International,76051,#N/A
965,"Harris Composites, Inc.",76048,#N/A
13,Aereos,76040,#N/A
240,"AADFW, Inc.",76040,#N/A
257,ACP - Airline Component Parts - Aereos,76040,#N/A
258,ACP an Aereos Company,76040,#N/A
521,Atlas Aerospace An Aereos Company,76040,#N/A
1526,"Stuart Industries, Ltd.",76028,#N/A
1567,"Texas Gyro, Inc.",76028,#N/A
195,ProMRO Cloud ERP by Clients First,76018,#N/A
1658,"Van Bortel Aircraft, Inc.",76018,#N/A
83,DAES Group,76017,#N/A
459,American Cooler Service,76015,#N/A
1584,TPS Aerospace,76013,#N/A
311,AeroBearings,76001,#N/A
1615,"Turbine Fuel Systems, Inc.",76001,#N/A
1020,Hutch Aviation,75980,#N/A
1721,Zip Industries,75932,#N/A
1007,"Holly Aero,  Inc.",75765,#N/A
969,"Hartsell Avionics, Inc.",75704,#N/A
1719,Zeftronics,75601,#N/A
1100,L-3 Communications Integrated Systems Group,75402,#N/A
451,"Allied Aviation Services, Dallas",75261,#N/A
538,"Aviall, A Boeing Company",75261,#N/A
539,"Aviall, Product Repair Services",75261,#N/A
746,"Composite Technology, Inc.",75261,#N/A
269,"Advantage Aviation Technologies, Inc.",75247,#N/A
1220,North Texas Turbines Inc.,75247,#N/A
220,"Unitron, LP",75238,#N/A
637,"Bonded Inspections, Inc.",75238,#N/A
1366,"Redbird Electronics, Inc.",75237,#N/A
38,Applied Aerodynamics Inc.,75234,#N/A
413,"Aircraft Tooling, Inc.",75229,#N/A
84,Dallas Centerline,75220,#N/A
260,"Action Aircraft, LP",75220,#N/A
1437,Shoreline Marine,75220,#N/A
782,Dahlgren Duck & Associates,75207,#N/A
1483,Southern Rotorcraft USA,75189,#N/A
390,Aircraft Ducting Repair,75126,#N/A
1529,Sumitomo Precision Usa,75115,#N/A
1511,"Starr Aircraft Products, Inc.",75091,#N/A
361,"Air Concepts Repair Technologies, Inc.",75087,#N/A
653,Bryan Wriston Aviation,75071,#N/A
830,"E.U.A. Air Support, Inc.",75071,#N/A
183,"NTE Aviation, LLC",75057,#N/A
299,Aero Standard Calibration,75057,#N/A
363,"Air Dallas Instruments, Inc.",75057,#N/A
1224,NTE Aviation,75057,#N/A
879,"EYW Avionics, Inc.",75052,#N/A
1413,Sagem Avionics LLC,75052,#N/A
139,Innovative Tooling Services,75051,#N/A
1597,Triumph Accessory Services - Grand Prairie,75050,#N/A
175,MRO Holdings,75039,#N/A
65,BP Aero,75038,#N/A
1593,"Tribal Solutions, Inc.",75034,#N/A
1666,Velocity Aerospace,75024,#N/A
657,"Busby Metals, Inc.",75019,#N/A
1485,Southwest Airframe & Tank Services,75010,#N/A
477,"Apex Inspections, Inc.",75006,#N/A
852,"Elite Line Services, Inc.",75006,#N/A
1077,"Jets, Inc.",75006,#N/A
1337,Protective Packaging Corporation,75006,#N/A
1635,"Underwood-Instrument Services, Inc.",75006,#N/A
498,"Arrow Aviation, Inc.",75001,#N/A
561,Aviation Services Elite,75001,#N/A
726,"Clear Star Aviation, LLC",75001,#N/A
804,"DFW Aero Mechanix, Inc.",75001,#N/A
805,"DFW Instrument, LLC",75001,#N/A
875,"Executive Instruments, Inc.",75001,#N/A
1095,"King Aerospace, Inc.",75001,#N/A
1187,Monarch Air,75001,#N/A
1611,"Turbine Aircraft Services, Inc.",75001,#N/A
620,"Biggs Aircraft, Inc.",74881,#N/A
54,"Aviation Power support, LP",74701,#N/A
279,"Aero Component Repair, LLC",74701,#N/A
406,"Aircraft Power Support, LP.",74701,#N/A
759,"Covington Aircraft Engines, Inc.",74447,#N/A
69,Camtronics Aviation Group,74132,#N/A
400,Aircraft Inspection & Repair,74132,#N/A
1328,"Pro-Tech Aeroservices, Inc.",74128,#N/A
1487,Southwest United Industries,74120,#N/A
716,"Chuck Ney Enterprises, Inc.",74117,#N/A
529,Avduct Worldwide,74116,#N/A
1216,NORDAM Repair Division,74116,#N/A
1217,NORDAM Transparency Division,74116,#N/A
808,"DivCo, Inc.",74115,#N/A
135,Iliff Aircraft,74115,#N/A
385,"Aircraft Accessories of Oklahoma, Inc.",74115,#N/A
409,"Aircraft Specialties Services, Inc.",74115,#N/A
526,"Autopilots Central, Inc.",74115,#N/A
596,"Barrett Precision Engines, Inc.",74115,#N/A
627,"BizJet International Sales & Support, Inc.",74115,#N/A
1039,Intercontinental Jet Service Corp.,74115,#N/A
1349,"Quality Aircraft Accessories, Inc.",74115,#N/A
1549,"Tailwind Inspection, Inc.",74115,#N/A
1638,"Unicorp Systems, Inc.",74107,#N/A
896,"Fisher Products, LLC",74107,#N/A
819,"Drake Air, Inc.",74107,#N/A
181,NORDAM,74101,#N/A
1181,"MINT Turbines, LLC",74079,#N/A
762,"Crankcase Services, Inc.",74063,#N/A
173,Mingo Aerospace,74055,#N/A
769,"CSI Aerospace, Inc.",74012,#N/A
1438,"Sigma Aviation, LLC",74012,#N/A
223,Vertical Aerospace,74010,#N/A
411,Aircraft Structures International Corp.,73701,#N/A
817,"Dow Aero Logistics, LLC",73149,#N/A
204,Saspo/afsc,73145,#N/A
1655,Valair Aviation,73132,#N/A
1082,"Johnston Test Cell Group, LLC",73129,#N/A
791,DCI Industries,73127,#N/A
913,Formerly known as Duracoating,73127,#N/A
107,FSB Architects & Engineers,73118,#N/A
926,FSB,73118,#N/A
797,"Denton Aviation, Inc.",73108,#N/A
235,3Chem Corp.,73106,#N/A
1230,Oklahoma Department of Commerce,73104,#N/A
1127,"Legacy Aviation Services, Inc.",73099,#N/A
719,Cimarron Aircraft Corp.,73036,#N/A
1038,Integrity Aero Service,73013,#N/A
508,"Associated Aero Service, Inc.",73008,#N/A
676,"Capital Aviation, Inc.",73008,#N/A
743,"Commuter Air Technology, Inc.",73008,#N/A
1402,"Rudy Aircraft Instruments, Inc.",72952,#N/A
1200,Mundo-Tech,72756,#N/A
1589,"Tri State Airmotive, LLC",72616,#N/A
430,Airready Mro,72556,#N/A
557,Aviation Repair Technologies,72315,#N/A
1285,Pinnacle North Corp. Aircraft Interiors,72206,#N/A
70,"Cavu Aerospace, Inc.",72160,#N/A
773,"Custom Aircraft Cabinets, Inc.",72117,#N/A
1393,Rose Aircraft Interiors,71953,#N/A
76,Cobalt Aero Services,71913,#N/A
1602,"Triumph Airborne Structures, Inc.",71913,#N/A
1603,Triumph Group,71913,#N/A
1085,"JPS Aviation, LLC",71203,#N/A
646,"Branet, Inc.",70663,#N/A
549,Aviation Exteriors Louisiana (AvEx),70560,#N/A
550,"Aviation Exteriors Louisiana, Inc.",70560,#N/A
497,"Arrow Aviation Co., LLC",70518,#N/A
607,"Bell Helicopter Textron Inc., Broussard Rotor Blade Service Center",70518,#N/A
1279,"PHI Tech. Services, Inc.",70508,#N/A
1280,"PHI, Inc.",70508,#N/A
1014,"Houma Avionics, Inc.",70363,#N/A
1657,"Valley Airways, Inc.",69361,#N/A
1003,Hillaero Modification Center,68524,#N/A
695,"Central Cylinder Service, Inc.",68110,#N/A
410,"Aircraft Specialties, Inc.",68106,#N/A
766,"Crotts Aircraft Service, Inc.",67801,#N/A
1686,"Wells Aircraft, Inc.",67501,#N/A
733,"Coffeyville Aircraft, Inc.",67337,#N/A
1087,"Kansas Aviation of Independence, LLC",67301,#N/A
1496,Spirit Aerosystems,67278,#N/A
1588,Tregear Aerospace,67226,#N/A
1177,Midwest Corporate Aviation,67226,#N/A
342,"Aerospace Turbine Rotables, Inc.",67217,#N/A
408,"Aircraft Quality Instruments, Inc.",67217,#N/A
358,"Air Capitol Jet, LLC",67215,#N/A
97,FACC Solutions,67213,#N/A
1253,"Paragon Services, Inc.",67213,#N/A
1344,Pwi,67213,#N/A
1561,"Tech-Aire Instruments, Inc.",67213,#N/A
586,B&S Aircraft,67211,#N/A
1051,iSi Environmental,67211,#N/A
697,Century Instrument Corp.,67210,#N/A
616,"Bevan-Rabell, Inc.",67209,#N/A
251,"Accessories, Inc. of Wichita",67209,#N/A
605,Beechcraft Wichita Service Center,67209,#N/A
1450,"Signature Flight Support, Wichita",67209,#N/A
1700,Wichita Executive Aircraft Corp.,67209,#N/A
306,"Aero-Mach Labs, Inc.",67207,#N/A
509,Associated Industries Inc.,67205,#N/A
1081,"Johnson Gage & Inspection, Inc.",67205,#N/A
266,"Advanced Welding Technologies, LLC",67203,#N/A
357,"Air Capitol Dial, Inc.",67203,#N/A
499,"Arrow Laboratory, Inc.",67203,#N/A
1598,"Triumph Accessory Services, Wellington",67152,#N/A
371,Air Plains Services Corp.,67152,#N/A
528,"Avcon Industries, Inc.",67114,#N/A
283,"Aero Interior Maintenance, Inc.",67025,#N/A
1063,"Jet Airwerks, LLC",67005,#N/A
92,"Dodson International Parts, Inc.",66079,#N/A
1173,"Mid-State Aerospace, Inc.",66062,#N/A
979,Heatron,66048,#N/A
1712,"Worldwide Aircraft Services, Inc.",65803,#N/A
1305,Precision Aero Services,65613,#N/A
738,"Columbia Avionics & Aircraft Services, Inc.",65201,#N/A
1321,Premier Turbines,64850,#N/A
686,CD Aviation Services,64804,#N/A
693,"Central Air Southwest, Inc.",64116,#N/A
1445,"Signature Flight Support, Kansas City (MKC)",64116,#N/A
172,Millennium International Avionics,64082,#N/A
566,"AvidAir International Helicopter Supply, Inc.",64063,#N/A
1179,Millennium International,64063,#N/A
1699,"White Industries, Inc.",64011,#N/A
825,Dyersburg Avionics of Caruthersville,63830,#N/A
579,AVMATS Engine Support,63366,#N/A
1447,"Signature Flight Support, St. Louis",63134,#N/A
467,Ametek Ameron,63132,#N/A
1502,St. Louis Metallizing,63110,#N/A
288,"Aero Metal Finishing, Inc.",63026,#N/A
910,"Flying Colours Corp., St. Louis Facility",63005,#N/A
221,USAF AMC G081,62225,#N/A
1067,"Jet Aviation, St. Louis",62206,#N/A
1689,"West Star Aviation, Inc.",62024,#N/A
271,Aerinova,61938,#N/A
907,Flightstar Corp.,61874,#N/A
659,"Byerly Aviation, Inc.",61607,#N/A
1416,Sandstrom Coating Technologies,61275,#N/A
171,"Midwest Aero Support, Inc.",61115,#N/A
1539,"Superior Joining Technologies, Inc.",61115,#N/A
230,"Woodward, Inc.",61111,#N/A
1709,Woodward,61111,#N/A
570,"Avionics Place, Inc.",61109,#N/A
856,"Emery Air, Inc.",61109,#N/A
1633,Ultrasonic Power Corporation,61032,#N/A
1034,"Instrument Associates, Inc.",60803,#N/A
1441,"Signature Flight Support, Chicago (MDW)",60638,#N/A
193,Pioneer Aero Supply LLC,60609,#N/A
937,Ghafari Associates,60603,#N/A
1070,"Jet Support Services, Inc.",60601,#N/A
705,"Chicago Jet Group, LLC",60554,#N/A
1083,"Joliet Avionics, Inc.",60554,#N/A
1136,Lumanair Aviation Services,60554,#N/A
347,"Aerotek Design Labs, LLC",60544,#N/A
476,"AOG Aviation Spares, Inc.",60543,#N/A
1431,Seginus/aog Aviation,60543,#N/A
44,Aurora Bearing Company,60538,#N/A
1361,Railhead Corporation,60527,#N/A
1121,Launch Technical Workforce Solutions,60523,#N/A
1376,"Rexnord, LLC",60515,#N/A
286,"Aero Marine Services, Inc.",60411,#N/A
242,AAR,60191,#N/A
536,Aviall Wheel & Brake Service - St. Charles,60174,#N/A
1621,"TurboJet Partners, Inc.",60174,#N/A
893,"Finefield Aviation, Inc.",60156,#N/A
1628,U.S. Chrome Corp. of Illinois,60145,#N/A
321,Aeromotive Services,60120,#N/A
134,IFE Products,60110,#N/A
211,Surface Finishes,60101,#N/A
612,"Berkley International, Inc.",60090,#N/A
227,"Waltz Brothers, Inc.",60090,#N/A
1442,"Signature Flight Support, Chicago (PWK)",60090,#N/A
1088,"Kay & Associates, Inc.",60089,#N/A
31,Aircraft Propeller Service,60047,#N/A
407,"Aircraft Propeller Service, LLC",60047,#N/A
1047,InventoryNavigators,60047,#N/A
1212,Newgenaerospace Corporation,60046,#N/A
1660,Vantage Cleaning Products,60031,#N/A
1661,Vantage Surface Treatment Technologies,60031,#N/A
149,Jet International Co. Llc,60026,#N/A
1652,"UST Aviation Services, LLC",60018,#N/A
153,"JME Technologies, Inc.",60014,#N/A
454,"Altus Global Aviation, LLC",60014,#N/A
1562,"Technitrade, Inc.",60010,#N/A
170,Midaco Corporation,60007,#N/A
1141,Magnetic Inspection Lab,60007,#N/A
1142,Magnetic Inspection Laboratory,60007,#N/A
80,Composites One,60005,#N/A
732,Cobra Systems Inc.,60005,#N/A
138,Innodyne Systems,60002,#N/A
1386,"Rocky Mountain Avionics, Inc.",59901,#N/A
492,"Arlin's Aircraft Service, Inc.",59714,#N/A
872,Exec Air Montana,59601,#N/A
348,"Aerotronics, Inc.",59105,#N/A
873,Executive Air Taxi Corp.,58502,#N/A
642,Botno Aircraft Services,58318,#N/A
889,"Fargo Jet Center, Inc.",58102,#N/A
776,"Custom Aircraft Refinishing, Inc.",58012,#N/A
225,VRC Metal Systems,57701,#N/A
243,Aberdeen Flying Service,57401,#N/A
1112,"Landmark Aviation, Sioux Falls",57104,#N/A
783,"Dakota Cub Aircraft, Inc.",57005,#N/A
1446,"Signature Flight Support, Rochester",55902,#N/A
721,Cirrus Design Factory Service Center,55811,#N/A
435,"Airways Aviation Center, Inc.",55744,#N/A
636,"Bolduc Aviation Specialized Services, Inc.",55449,#N/A
722,"Cirrus Flight Operations, Inc.",55449,#N/A
1624,Twin Cities Aviation,55449,#N/A
1030,INCERTEC,55432,#N/A
861,"Environ Laboratories, LLC",55431,#N/A
1159,"Maxwell Aircraft Service, Inc.",55429,#N/A
670,Canard Aerospace Corp.,55379,#N/A
396,"Aircraft Exhaust, Inc.",55369,#N/A
854,"Elliott Aviation, Minneapolis",55347,#N/A
179,Newcastle Aviation,55306,#N/A
892,Fieldlogs,55127,#N/A
209,Stratus Aero Partners,55121,#N/A
343,"Aerospace Welding Minneapolis, Inc.",55121,#N/A
1185,"Modtruss, Inc.",54935,#N/A
1682,"Wausau Tile, Inc.",54474,#N/A
212,Sweeney an Enerpac Brand,54409,#N/A
1542,Sweeney,54409,#N/A
439,Airworthy Inc.,54016,#N/A
440,"Airworthy, Inc.",54016,#N/A
990,"Helicopter Specialties, Inc.",53546,#N/A
322,"Aeromotors, LLC",53522,#N/A
90,"Derco Aerospace, Inc.",53223,#N/A
799,Derco,53223,#N/A
514,Astronautics Corp. of America,53209,#N/A
1403,S3 Repair Services,53209,#N/A
1404,"S3 Repair Services, Llc",53209,#N/A
963,Harley-Davidson Motor Co.,53208,#N/A
924,Freight Runners Express,53207,#N/A
1462,"Skycom Avionics, Inc.",53188,#N/A
398,"Aircraft Image, LLC",53186,#N/A
1659,"Vanguard Aerospace, LLC",53185,#N/A
588,Bailey Specialty Cranes & Aerials,53150,#N/A
655,"Burlington Air Center, Inc.",53105,#N/A
1342,PureMRO.com,53092,#N/A
5,PIC Wire and Cable,53089,#N/A
256,Ace Precision Machining Corp.,53066,#N/A
1168,"Micro-Surface Finishing Products, Inc",52778,#N/A
1384,Rockwell Collins,52498,#N/A
1385,Rockwell Collins - Cedar Rapids Service Center,52498,#N/A
630,Blue Skies Over Dubuque Inc.,52003,#N/A
262,"Advanced Air, Inc.",51503,#N/A
1681,"Walter Aviation, Inc.",50644,#N/A
700,"Charles City Aeronautics, Inc.",50616,#N/A
1676,"VP Buildings, Inc.",50327,#N/A
853,"Elliott Aviation, Des Moines",50321,#N/A
800,"Des Moines Flying Service, Inc.",50321,#N/A
111,"GAR-MRO Services, Inc.",50265,#N/A
1152,"Marshalltown Aviation, Inc.",50158,#N/A
495,Arn-Air,50029,#N/A
871,Exec 1 Aviation,50021,#N/A
961,"Hap's Air Service, Inc.",50010,#N/A
1223,"Northern Wings Repair, Inc.",49868,#N/A
640,"Boreal Aviation, Inc.",49841,#N/A
1563,Telkite Enterprises LLC,49841,#N/A
704,"Cherry Capital Aviation, Inc.",49686,#N/A
868,"Evans Avionics, LLC",49686,#N/A
1160,"Mayday Avionics, Inc.",49512,#N/A
1332,"Progressive Surface, Inc.",49512,#N/A
744,"Component Repair Management, Inc.",49444,#N/A
24,Aerovision International,49441,#N/A
1191,MRO Insider,49286,#N/A
337,"Aerospace Services & Products, Inc.",49247,#N/A
750,Conrad Aero,49093,#N/A
1360,"RAI Jets, LLC",49091,#N/A
1394,Rosler Metal Finishing,49037,#N/A
691,Centennial Aircraft Services,49015,#N/A
1312,Precision Dial Co.,49009,#N/A
1300,"Pratt & Whitney AutoAir, Inc.",48911,#N/A
602,Beacon Aviation Of Michigan Inc.,48906,#N/A
1086,Kalitta Maintenance,48750,#N/A
1283,Phoenix Composite Solutions,48750,#N/A
1165,Merrill Aviation & Defense,48602,#N/A
1572,Thomson Aerospace & Defense,48602,#N/A
1119,"Lapeer Aviation, Inc.",48446,#N/A
583,Avtron Aerospace And Testek,48393,#N/A
1566,"Testek, Inc.",48393,#N/A
1026,"IFL Group, Inc.",48327,#N/A
1267,Pentastar Aviation,48327,#N/A
167,Marposs,48326,#N/A
944,"Greening Testing Laboratories, Inc.",48234,#N/A
1207,NC Servo Technology Corp.,48185,#N/A
1632,"U.S. Turbine & Accessory, LLC",48180,#N/A
161,Liebherr Aerospace Saline,48176,#N/A
516,ATEQ Aviation,48150,#N/A
1654,"Vac-Met, Inc.",48092,#N/A
1299,PPI Aerospace,48089,#N/A
1713,X-Ray Industries,48084,#N/A
1714,XRI Testing,48084,#N/A
1364,Rapid Global Business Solutions,48083,#N/A
1019,"Huron Avionics, Inc.",48074,#N/A
226,WALL COLMONOY,48071,#N/A
1423,Schaller Group,48051,#N/A
123,Helical Lap & Manufacturing Co,48043,#N/A
897,Flame Spray Coating Co.,48026,#N/A
1107,"Lafayette Avionics, Inc.",47906,#N/A
416,"Airframe Components By Williams, INC.",46755,#N/A
1158,Maxi-Blast,46628,#N/A
1412,"Sage-Popovich, Inc.",46384,#N/A
966,"Harrison Engine Service, Inc.",46350,#N/A
1557,"Team Industrial Services, Inc.",46323,#N/A
928,"G&N Aircraft, Inc.",46319,#N/A
1456,"Sisu Services, Inc.",46307,#N/A
1150,"Mark One Composites, Inc.",46268,#N/A
1410,Safetech Indianapolis,46268,#N/A
740,Comlux America LLC,46241,#N/A
851,Eli Lilly International Corp.,46241,#N/A
1418,"SATCO, Inc., Indianapolis",46241,#N/A
478,Applied Composites,46231,#N/A
1011,"Hoosier Aircraft Accessory, Inc.",46231,#N/A
1389,Rolls-royce,46225,#N/A
137,INAIR Legacy Avionics Solutions,46214,#N/A
876,"Exotic Metal Treating, Inc.",46203,#N/A
1583,TPC Repair Station,46203,#N/A
261,Advance Aero,46158,#N/A
200,RBC Aerospace,46131,#N/A
1581,Tom Wood Aviation,46038,#N/A
1228,"Ohio University, Avionics Engineering Center",45710,#N/A
1629,U.S. Chrome Corp. of Ohio,45417,#N/A
1680,"Wall Colmonoy Corp., Dayton",45414,#N/A
1513,"Stevens Aviation, Inc., Dayton",45377,#N/A
589,"The Balancing Co., Inc.",45377,#N/A
970,"Hartzell Propeller, Inc.",45356,#N/A
771,"CTL Aerospace, Inc. - Aviation Repair & Overhaul Div.",45246,#N/A
865,Essig Research Inc.,45246,#N/A
275,"Aero Battery, Inc.",45244,#N/A
1504,StandardAero Component Services,45241,#N/A
112,GE Aviation,45215,#N/A
1271,Performance Plastics,45209,#N/A
28,Airborne Maintenance and Engineering Services,45177,#N/A
380,Airborne Maintenance & Engineering Services,45177,#N/A
959,"Hangar 6, Inc.",45133,#N/A
1027,"Ikeuchi Usa, Inc.",45069,#N/A
855,Ellison Surface Technologies,45040,#N/A
1377,Rhinestahl CTS,45040,#N/A
297,"Aero Propulsion Support, Inc.",45030,#N/A
660,"Byron Products, Inc.",45014,#N/A
1190,"Moss Vale, Inc.",45014,#N/A
1176,Midwest Aircraft Products Co.,44904,#N/A
747,Concast Metal Products Co.,44889,#N/A
929,"G-Force Aviation, Inc.",44720,#N/A
1631,U.S. Technology Corp.,44718,#N/A
1329,"ProAv Aircraft Services, LLC",44663,#N/A
592,"Barber Aircraft, Inc.",44601,#N/A
932,"Gemco Aviation Services, Inc.",44452,#N/A
888,Falcons Nest Repair Station,44410,#N/A
448,"Allen Aircraft Products, Inc.",44266,#N/A
104,Flexjet,44143,#N/A
546,Aviation Component Solutions,44143,#N/A
1213,"Nextant Aerospace, LLC",44143,#N/A
215,TEST-FUCHS Corporation,44141,#N/A
754,"Constant Aviation, LLC",44135,#N/A
207,SIFCO ASC,44131,#N/A
517,"ATI Aviation Services, LLC",44108,#N/A
71,Cee-Bee Aviation,44105,#N/A
687,Cee-Bee Aviation,44105,#N/A
725,"Classic Interior Completions, Inc.",44094,#N/A
864,Ericson Manufacturing,44094,#N/A
745,"Component Repair Technologies, Inc.",44060,#N/A
1184,"Mk Industries, LLC",44060,#N/A
309,Aero-Pro Avionics,44035,#N/A
332,"Aerospace Maintenance Solutions, LLC",44026,#N/A
217,Tronair INC.,43558,#N/A
1206,"National Flight Services, Inc.",43558,#N/A
1608,Tronair,43558,#N/A
1227,The Ohio State University Airport,43235,#N/A
647,Briskheat,43232,#N/A
648,Briskheat Corporation,43232,#N/A
902,"Flight Controls, LLC",43232,#N/A
1495,Spirit Aeronautics,43219,#N/A
1596,TriTex Corp.,43219,#N/A
423,AirNet Express,43217,#N/A
424,"AirNet Systems, Inc.",43217,#N/A
1330,Procare Aeronautical,43123,#N/A
88,DELTA H,43112,#N/A
198,Quintus Technologies,43035,#N/A
1139,"Mac-Michael Avionics, Inc.",43015,#N/A
493,ARM International LLC,42539,#N/A
1392,"Ron Collins Aviation Electronics, LLC",42420,#N/A
1169,"Mid America Jet, Inc.",42304,#N/A
1558,TeamAir MRO Ltd.,41018,#N/A
735,"Columbia Air Services - BHB, LLC",40605,#N/A
1201,"Mustang Aviation, Inc.",40510,#N/A
346,"Aerotech of Louisville, Inc.",40299,#N/A
678,Cargo Repair,40299,#N/A
728,Cliff Cherry Machine Co.,40272,#N/A
213,T.T. Repairs,40213,#N/A
1420,"SATCO, Inc., Louisville",40213,#N/A
694,Central American Airways,40205,#N/A
1091,"Kentucky Air Center, Inc.",40065,#N/A
501,Artemis Electronics Llc,40059,#N/A
502,"Artemis Electronics, LLC",40059,#N/A
792,"Dean Aircraft Service, Inc.",39307,#N/A
94,Eaton Aerospace Group,39206,#N/A
1101,L-3 Vertex Aerospace,39110,#N/A
1147,"Marc, Inc.",39041,#N/A
978,Heath Aviation,38967,#N/A
1582,Total Air Group LLC,38676,#N/A
638,"Bondurant Avionics, Inc.",38654,#N/A
1080,"John Jewell Aircraft, Inc.",38635,#N/A
1627,U.S. Aerospace Corp.,38375,#N/A
1691,"West Tennessee Aviation, Inc.",38261,#N/A
143,"Intersky Precision Instruments, LLC",38125,#N/A
224,VP Buildings,38125,#N/A
57,"Avionics Specialist, Inc.",38118,#N/A
100,"FFC Services, Inc",38118,#N/A
114,GECAS Materials,38118,#N/A
1272,Performance Repair Group,38118,#N/A
1287,"Planes of the South, LLC",38118,#N/A
1354,Qwest Air Parts Inc.,38118,#N/A
1421,"SATCO, Inc., Memphis",38118,#N/A
1543,"T-Aerospace, LLC",38118,#N/A
1286,"Pittco, Inc.",38116,#N/A
1610,"Tunica Air Group, Memphis",38116,#N/A
564,"Aviation Trends, Llc",38115,#N/A
904,"Flight Support Solutions Holdings, LLC",38002,#N/A
1157,Mastermelt Alloy,37874,#N/A
1506,"StandardAero, Maryville",37801,#N/A
1338,"PS Engineering, Inc.",37772,#N/A
1013,"Horizon Avionics, Inc.",37701,#N/A
608,"Bell Helicopter Textron Inc., Piney Flats Service Center",37686,#N/A
93,Eastman Aviation Solutions,37660,#N/A
333,Aerospace Park,37617,#N/A
1516,"Stevens Aviation, Inc.-Nashville",37217,#N/A
1326,"Pro Kare, Inc.",37205,#N/A
1535,Sunaero Americas,37204,#N/A
681,"Carpenter Avionics, Inc.",37167,#N/A
598,"Battery Shop, LLC",37122,#N/A
1556,"Team Aerospace, Inc.",37086,#N/A
958,"Hancock Enterprises, Inc.",37076,#N/A
1472,Sonic Tools,36830,#N/A
344,"Aerostar, Inc.",36615,#N/A
1479,"Southern Avionics & Communications, Inc.",36615,#N/A
1435,SEZ Aerospace USA,36602,#N/A
12,AE&C Services,36567,#N/A
270,Ae & C Services,36567,#N/A
1430,Segers Aero Corp.,36532,#N/A
241,"AAI Aero, Inc.",36526,#N/A
610,Bell Helicopter-Ozark,36360,#N/A
964,"Harold Haskins, Inc.",36303,#N/A
1488,"Space Science Services, Inc.",36301,#N/A
1009,"Honeywell Aerospace, Anniston Aftermarket",36201,#N/A
455,Amcom,35898,#N/A
1219,North Alabama Aviation FBO,35671,#N/A
753,Constant Aviation Birmingham,35217,#N/A
846,Elbit Systems Of America,35160,#N/A
847,ElbitAmerica,35160,#N/A
777,Custom Aircraft Works,35151,#N/A
548,"Aviation Engines, Inc.",35042,#N/A
841,Eb Airfoils,34990,#N/A
14,Aero Engine Solutions,34986,#N/A
210,STS Aviation Group,34957,#N/A
1522,STS Line Maintenance,34957,#N/A
1524,"STS Line Maintenance, Miami",34957,#N/A
1074,"Jetcraft Aerostructures, Inc.",34946,#N/A
1587,Treasure Coast Avionics,34946,#N/A
696,"Central Florida Avionics & Instruments, LLC",34788,#N/A
214,TAG Aero,34787,#N/A
289,Aero Parts Management,34786,#N/A
1335,Propeller Man,34744,#N/A
15,Aero Engineering Support Group LLC,34741,#N/A
281,"Aero Engineering Support Group, Inc.",34741,#N/A
544,"Aviation Blade Services, Inc.",34741,#N/A
624,"Bilmar Avionics, Inc.",34741,#N/A
103,First Class Air Repair,34736,#N/A
949,"Gulf Aerospace, Inc.",34677,#N/A
191,Pem-Air Turbine Engine Services,34604,#N/A
1353,"Quest Avionics, Inc.",34474,#N/A
1618,"Turbine Weld, Inc.",34285,#N/A
317,"Aerolab Aviation Services, Inc.",34243,#N/A
1008,"Honeycomb Aircraft Repair Center, LLC",34243,#N/A
1595,Trisoft Covers Inc.,34238,#N/A
1048,Ipg,34210,#N/A
1133,"London Aircraft Service Center, Inc",34104,#N/A
484,"Arcadia Aerospace Industries, LLC",33982,#N/A
1541,SW Florida Aviation,33982,#N/A
249,Accel Aviation Accessories,33966,#N/A
250,"Accel Aviation Accessories, LLC",33966,#N/A
1325,"PrivateSky Aviation Services, Inc.",33913,#N/A
178,National Inspection & Consultants,33913,#N/A
927,"Future Aviation, Inc.",33913,#N/A
674,"Cape Aerospace Repair Services, Inc.",33909,#N/A
682,"Carter Aircraft, Inc.",33870,#N/A
394,"Aircraft Engineering, Inc.",33830,#N/A
1002,"Highlands Aviation, Inc.",33825,#N/A
1108,Lakeland Linder Regional Airport,33811,#N/A
1138,"Mac Avionics, Inc.",33811,#N/A
622,Bigorre Aerospace Corp.,33781,#N/A
1156,Master Electronics,33634,#N/A
1264,PEMCO World Air Services,33614,#N/A
1433,Sequa Corp.,33607,#N/A
688,"Celebration Aviation, Inc.",33604,#N/A
1551,Tampa North Flight Center,33559,#N/A
222,"VAS Aero Services, LLC",33487,#N/A
1662,VAS Aero Services,33487,#N/A
580,"AVStar Fuel Systems, Inc.",33458,#N/A
338,"Aerospace Structural Integrity, Inc.",33455,#N/A
292,"Aero Precision Repair & Overhaul Co., Inc.",33442,#N/A
308,"Aero-Precision Repair & Overhaul Co., Inc.",33442,#N/A
1359,"R.W. Raddatz, Inc.",33442,#N/A
631,Boca Aircraft Maintenance,33431,#N/A
1476,"South Florida Aviation Associates, LLC",33431,#N/A
1289,Platinum Aviation,33412,#N/A
708,Chromalloy,33410,#N/A
1065,Jet Aviation Palm Beach,33406,#N/A
962,"Hard Chrome Enterprises, Inc.",33403,#N/A
62,Benchmark Connector Corp.,33351,#N/A
336,Aerospace Rotables & Seman Peru,33351,#N/A
50,"Aviation Assurance, Inc.",33331,#N/A
1674,"Vision Aero, Inc.",33327,#N/A
547,"Aviation Concepts, Inc.",33326,#N/A
362,Air Cost Control,33325,#N/A
901,FLG Technics Repair Station,33325,#N/A
159,LCI,33321,#N/A
577,"Aviotek Instruments & Accessories, Inc.",33317,#N/A
618,BF Aerospace,33317,#N/A
1257,"Patriot Aviation Services, LLC",33316,#N/A
34,Airmark Components,33315,#N/A
82,CTS Engines,33315,#N/A
1467,"Skyteam International, Inc",33313,#N/A
939,Global Parts Support,33311,#N/A
940,"Global Parts Support, Inc.",33311,#N/A
1295,Power Avionics & Accessories,33311,#N/A
1296,Power Avionics & Accessories / Global Parts Support,33311,#N/A
1297,Power Avionics & Support / Global Parts Support,33311,#N/A
106,"Florida Jet Center, Inc.",33309,#N/A
108,The Fuel Cell,33309,#N/A
109,"GA Telesis, LLC",33309,#N/A
216,"Thrust Tech Accessories, INC.",33309,#N/A
330,"Aerospace Electronics, Inc.",33309,#N/A
420,"Airmark Overhaul, Inc.",33309,#N/A
535,"Aviall Services, Inc. - Ft. Lauderdale",33309,#N/A
591,"Banyan Air Service, Inc.",33309,#N/A
828,Dynatech International LLC,33309,#N/A
858,"Engineering & Inspections ULTD, Inc.",33309,#N/A
1276,Personal Jet,33309,#N/A
1348,"Quality Aircraft Accessories, FXE",33309,#N/A
1468,"Skytech Aviation, Inc.",33309,#N/A
1477,Southeast Turbines Corp.,33309,#N/A
1482,Southern Cross Aviation,33309,#N/A
1575,Thrust Tech Accessories,33309,#N/A
1726,ZuluGlobal,33245,#N/A
443,"Alca Avionics, Inc.",33196,#N/A
568,"Avionics Group, Inc.",33193,#N/A
23,Aerotools Connection,33186,#N/A
661,"C J Aviation, Inc.",33186,#N/A
1469,"SMI, Inc.",33186,#N/A
49,AVFLEX- Global Airservices,33186,#N/A
53,Aviation Plus Inc,33186,#N/A
532,Avflex -global Airservices,33186,#N/A
760,"CR Aviation, Inc.",33186,#N/A
1041,"Interiors By Mily, Inc.",33186,#N/A
1054,"J V Air Maintenance, Inc.",33186,#N/A
1060,"Jet Accessories Technicians, Inc.",33186,#N/A
1116,"Landmerk, Inc.",33186,#N/A
1137,M.a.r.s. Inc.,33186,#N/A
1304,"Precise Aviation, Inc.",33186,#N/A
1470,"SNJ Aviation, LLC",33186,#N/A
1576,"TIC Aerospace, Inc.",33186,#N/A
335,Aerospace Resource Group,33182,#N/A
485,ARG,33182,#N/A
519,"Atlantic Aviation Parts, Inc.",33182,#N/A
17,Aero Marine Interior,33179,#N/A
471,AMI-Aero Marine Interior,33179,#N/A
136,Illuminair Support Corp,33178,#N/A
169,Meggitt Services & Support,33178,#N/A
296,"Aero Propeller of Miami, Inc.",33172,#N/A
116,Global Engine Maintenance,33172,#N/A
147,JDL Industries Inc.,33172,#N/A
148,"Jdl Industries, Inc.",33172,#N/A
168,"Med-Craft, Inc.",33172,#N/A
434,Airway Aerospace Inc.,33172,#N/A
496,"Array Aviation, Inc.",33172,#N/A
755,Cool & Start Aviation,33172,#N/A
1164,"Med-Air, Inc.",33172,#N/A
1167,"Miami Aircraft Structures, Inc.",33172,#N/A
1274,Perma-Tex of Florida,33172,#N/A
1318,Preferred Composite Services (PCS),33172,#N/A
1398,"Roveraerospace, Inc.",33172,#N/A
1459,Sky Mart,33172,#N/A
1494,Spin Group Corp.,33172,#N/A
1590,Tri-County Aerospace,33172,#N/A
915,Fortek Aerospace LLC,33166,#N/A
236,"A System Hydraulics, Inc.",33166,#N/A
2,B & W Aviation - Brakes and Wheels,33166,#N/A
22,"AeroThrust Holdings, LLC",33166,#N/A
32,Aircraft Systems,33166,#N/A
48,Avenir Aviation,33166,#N/A
79,Commercial Jet Inc,33166,#N/A
99,Feam,33166,#N/A
105,Flight Power,33166,#N/A
131,"I Am Excellence, LLC",33166,#N/A
132,IAG Engine Center USA/Europe,33166,#N/A
151,Jet Repair Center,33166,#N/A
186,"Odyssey Engines, LLC",33166,#N/A
378,"Air Transport Technologies, Inc.",33166,#N/A
389,"Aircraft Composite Technologies, Inc.",33166,#N/A
469,AMETEK MRO Florida,33166,#N/A
483,Arc Avionics Corp.,33166,#N/A
486,Aries Aviation Corp.,33166,#N/A
520,"Atlas Aerospace Accessories, LLC",33166,#N/A
534,AvGen Aerospace,33166,#N/A
560,"Aviation Safety Resource Services, Inc.",33166,#N/A
617,"Beyond Air Support, Inc.",33166,#N/A
742,Commercial Jet,33166,#N/A
748,"Confidence Aviation, Inc.",33166,#N/A
884,"F&E Aircraft Maintenance, LLC",33166,#N/A
903,Flight Power Repair Group,33166,#N/A
952,H.A.S. Aviation Corp.,33166,#N/A
980,"HEICO Component Repair Group, Accessories",33166,#N/A
981,"HEICO Component Repair Group, Structures",33166,#N/A
1000,"Hi Tech Welding, Inc.",33166,#N/A
1069,"JET Group, Inc.",33166,#N/A
1192,Mro Technologies,33166,#N/A
1232,"Omnigas Systems, Inc.",33166,#N/A
1240,"Overhaul Accessory, Inc.",33166,#N/A
1258,PATRIOT COMPONENTS,33166,#N/A
1259,"Patriot Components, LLC",33166,#N/A
1261,PCS Aerospace Technology LLC,33166,#N/A
1322,"Prestige Aero Services, Inc.",33166,#N/A
1390,"Romavia Aircraft Components, Inc.",33166,#N/A
1579,"TMC Engine Center, Inc.",33166,#N/A
1641,"Uniserv Aviation, Inc.",33166,#N/A
1646,United Turbine Corp.,33166,#N/A
1648,"Universal Avionique, Inc.",33166,#N/A
1275,PERMAGARD,33155,#N/A
453,"Alpha Aircraft Systems, Inc",33144,#N/A
541,AviaSeven,33143,#N/A
177,National Aero Stands,33142,#N/A
718,Cima Aviation,33142,#N/A
833,EAM Worldwide,33142,#N/A
1531,"Summit Aerospace, Accessories Division",33142,#N/A
201,"Regional One, Inc.",33138,#N/A
1,AerSale,33134,#N/A
542,"AviaSupport, Inc.",33133,#N/A
1061,Jet Accessory Centre,33126,#N/A
1076,"Jetpower Aviation, Inc.",33126,#N/A
1530,Summit Aerospace,33126,#N/A
1716,Xtreme Aviation LLC,33126,#N/A
37,AOG Accessories,33122,#N/A
47,Avborne Component Solutions,33122,#N/A
64,Bonus Tech Inc,33122,#N/A
284,Aero Maintenance,33122,#N/A
302,Aero Technologies,33122,#N/A
328,"Aerospace Accessory Service, Inc.",33122,#N/A
356,Air Accessories & Avionics,33122,#N/A
470,AMETEK MRO Florida dba Avtech Avionics & Instruments,33122,#N/A
545,"Aviation Brake Service, Inc.",33122,#N/A
585,B & H Worldwide Inc,33122,#N/A
935,"General MRO Aerospace, Inc.",33122,#N/A
1062,"Jet Aircraft Maintenance, Inc.",33122,#N/A
1068,Jet Engine Technology Corp.,33122,#N/A
128,Hurricane Aerospace Solutions,33069,#N/A
615,"Better Aviation Products, Inc",33065,#N/A
1369,Regional Airline Support Group,33065,#N/A
1550,Talon Air Partners,33064,#N/A
126,HML Aviation Services,33054,#N/A
176,"MTI Aviation, Inc.",33054,#N/A
555,"Aviation Propellers, Inc.",33054,#N/A
727,"Clero Enterprises, Inc.",33054,#N/A
1195,Mti Aviation And Landing Gear Technologies,33054,#N/A
1427,Sea Coast Helicopter,33054,#N/A
1436,Sherwood Aviation,33054,#N/A
1454,Silver Wings Aerospace,33032,#N/A
1455,"Silverwings Aerospace, Inc.",33032,#N/A
1678,W3k Enterprise,33029,#N/A
272,Aero Accessories,33027,#N/A
900,Flg Technics,33027,#N/A
1336,"Propulsion Technologies International, LLC",33027,#N/A
1715,XTRA AEROSPACE,33027,#N/A
140,"International Aircraft Associates, Inc.",33025,#N/A
185,Ocean Air,33025,#N/A
234,1st Choice Aerospace,33025,#N/A
1536,"Sunshine Avionics, LLC",33025,#N/A
1614,Turbine Controls LLC,33025,#N/A
639,Boomerang Aviation,33023,#N/A
698,"Certified Engines Unlimited, Inc.",33023,#N/A
122,Heico,33021,#N/A
334,"Aerospace Precision, Inc.",33020,#N/A
1422,Saywell International Inc.,33020,#N/A
633,Boeing Distribution Services (Formerly KLX),33018,#N/A
1079,JJA Aviation Inc.,33018,#N/A
809,"Dixie Air Parts, Inc.",33016,#N/A
238,A.I.R.S.,33016,#N/A
511,Astro Instruments Service Corp.,33016,#N/A
731,COBALT AEROSPACE,33016,#N/A
1089,Kellstrom Aerospace,33016,#N/A
1163,MD Turbines Repairs & Logistics,33016,#N/A
1205,"NAS Component Maintenance, Inc.",33016,#N/A
1334,"Prompt Aero Services, Inc.",33016,#N/A
1406,"Safe Accessories, Inc.",33016,#N/A
1460,"Sky Source, Inc.",33016,#N/A
1684,"Web Aeronautical, Inc.",33016,#N/A
1350,"Quality Aircraft Parts, Inc.",33014,#N/A
4,Lufthansa Technik,33014,#N/A
7,630 Aerospace,33014,#N/A
26,Air Quality Aviation,33014,#N/A
29,"Aircraft Electric Motors, Inc.",33014,#N/A
81,Continental Aircraft Support,33014,#N/A
1143,Magnum Airdynamics,33014,#N/A
1260,Paz Aviation,33014,#N/A
1317,"Precision Tech Aero, Inc.",33014,#N/A
1407,Safe Aviation Solutions,33014,#N/A
1408,Safe Fuel Systems,33014,#N/A
1434,SETAERO,33014,#N/A
1622,Turbopower LLC,33014,#N/A
1552,Tandem Aviation,33012,#N/A
20,Aerokool Aviation,33010,#N/A
626,"Bischoff Aerospace, Inc",33010,#N/A
1110,Landing Gear Technologies,33010,#N/A
1679,"Wales Group, Inc.",33009,#N/A
327,Aeroserve Corp.,32952,#N/A
552,"Aviation Inspection & Services, Inc.",32904,#N/A
1075,"JETechnology Solutions, Inc.",32837,#N/A
85,Daniels Manufacturing Corp.,32824,#N/A
393,"Aircraft Engineering & Installation Services,  Inc.",32824,#N/A
974,"Hawk Aviation Services, Inc.",32824,#N/A
412,"Aircraft Support & Services, Inc.",32822,#N/A
417,Airgroup Dynamics,32822,#N/A
1555,TCI Aviation,32819,#N/A
1131,The Lightship Group,32809,#N/A
1239,OuterMarker Airline Services,32809,#N/A
1345,"Q4 Services, LLC",32807,#N/A
815,Don GeorgeAircraft Engines & Parts,32805,#N/A
368,"Air Orlando Maintenance, Inc.",32803,#N/A
1586,"Trax Air, LLC, Orlando",32803,#N/A
1439,Signature Flight Support Corp.,32801,#N/A
6,Professional Aircraft Accessories,32780,#N/A
912,Ford Instruments & Accessories,32780,#N/A
1290,"Pneu-Tech Aerospace, Inc.",32773,#N/A
802,Destin Jet South,32541,#N/A
1668,Veracity Technology Solutions,32526,#N/A
372,"Air Prop Specialists, Inc.",32446,#N/A
1642,Unison Industries,32256,#N/A
1372,"Reliance Supply, Inc.",32254,#N/A
1466,SkyPaxxx Interior Repairs,32254,#N/A
645,"Bragg Avionics, Inc.",32225,#N/A
899,Fleet Readiness Center Southest,32212,#N/A
1120,"Larrys Trim Shop, Inc.",32210,#N/A
569,"Avionics Installations, Inc.",32128,#N/A
790,"Daytona Aircraft Services, Inc.",32114,#N/A
895,"First Coast Aviation, Inc.",32073,#N/A
1263,"Pegasus Technologies, Inc.",32043,#N/A
954,HAECO Americas,32025,#N/A
1509,Stark Avionics,31909,#N/A
1277,"Petecraft Aviation Services, Inc.",31780,#N/A
203,Saft America Inc.,31601,#N/A
1315,"Precision Industries, Inc., Georgia",31601,#N/A
1503,Stambaugh Aviation,31525,#N/A
415,"Airframe Component Repair, Inc.",31408,#N/A
1379,"River Supply, Inc.",31404,#N/A
558,"Aviation Rotables & Spares Solutions, LLC",31326,#N/A
1135,Lowe Aviation Co.,31297,#N/A
329,Aerospace Defense Coatings of Georgia,31206,#N/A
779,"Cygnus Aerospace, Inc.",31088,#N/A
1505,"StandardAero, Augusta",30906,#N/A
523,"Augusta Aviation, Inc.",30904,#N/A
973,"Hawk Aviation Maintenance Services, Inc.",30701,#N/A
9,A.S.A.P. Technologies inc.,30518,#N/A
21,AeroMade Industries LLC,30518,#N/A
559,"Aviation Safety Products, Inc.",30512,#N/A
156,Kipper Tool Company,30504,#N/A
72,CEMB-USA,30501,#N/A
689,Cemb Usa,30501,#N/A
43,Atlanta Aviation International,30354,#N/A
89,Delta TechOps,30354,#N/A
152,Jett Pro Line Maintenance,30354,#N/A
890,"Fellfab Corp.,  Atlanta",30354,#N/A
1078,"Jett Pro, Inc. - Atlanta",30354,#N/A
300,"Aero Support Engineering International, Inc.",30349,#N/A
1311,Precision Avionics & Instruments,30349,#N/A
1313,"Precision Electronics, LLC",30349,#N/A
1665,"Veloc, Inc.",30341,#N/A
1605,Triumph Interiors - Atlanta,30337,#N/A
1411,"Safetech, Atlanta",30336,#N/A
450,"Allied Aviation Services, Atlanta",30320,#N/A
757,"Corrdesa, LLC",30290,#N/A
531,Aventure Aviation,30269,#N/A
1310,Precision Aviation Services,30269,#N/A
1711,"World Class Accessory, Inc.",30269,#N/A
712,"Chromalloy, Georgia",30265,#N/A
1225,NYCO Aeronautics & Defense,30265,#N/A
228,Wheelabrator Group,30240,#N/A
911,Fokker Aerotron,30240,#N/A
957,"Hale Aircraft, Inc.",30228,#N/A
325,AeroRepair LLC,30224,#N/A
282,Aero Glass Inc.,30223,#N/A
590,"Balloonacy, Ltd. LLC",30214,#N/A
1073,"Jetaire Aerospace & Technology, Inc.",30214,#N/A
553,"Aviation Inventory Repair, Inc.",30204,#N/A
141,International Component Repair,30180,#N/A
780,"D L K Aviation, Inc.",30144,#N/A
976,"Hawthorne Global Aviation Services, Atlanta Operations",30144,#N/A
1471,"SNR Bearings, Atlanta",30132,#N/A
1484,"Southland Aviation, Inc.",30120,#N/A
593,"Barco Federal Systems, LLC",30097,#N/A
326,"Aerosafe Products, Inc.",30093,#N/A
115,Global Aviation Co.,30092,#N/A
950,"Gwinnett Aero Maintenance, LLC",30046,#N/A
1670,"Vertiflite, Inc.",30046,#N/A
1105,L3 Commercial Aviation,30004,#N/A
680,"Carolina Turbine Support, Inc.",29805,#N/A
1609,TSI Aerospace,29732,#N/A
219,Unique Airmotive Services,29710,#N/A
651,"Brother's Aviation Maintenance Service, Inc.",29710,#N/A
581,AVTECH,29707,#N/A
1226,Oasis Scientific Inc.,29687,#N/A
118,Greenville-Spartanburg International Airport,29651,#N/A
1515,"Stevens Aviation, Inc., Greenville-Spartanburg",29651,#N/A
205,Separation Dynamics,29644,#N/A
1478,Southern Air Repair Corp.,29611,#N/A
1491,Special Services Corp.,29607,#N/A
1132,Lockheed Martin Aeronautics Greenville Operations,29605,#N/A
1464,"Skylox, LLC",29605,#N/A
1512,"Stevens Aviation, Inc.",29605,#N/A
165,Mankiewicz Coatings,29492,#N/A
1457,SKF Aero Bearing Service Center,29418,#N/A
1046,Interstate Turbine Management,29406,#N/A
867,Ethosenergy,29334,#N/A
414,"Airflow Performance, Inc.",29306,#N/A
404,"Aircraft Maintenance Service, Inc.",29020,#N/A
192,Phoenix Specialty Mfg. Co.,29003,#N/A
823,"Duotech Services, Inc.",28734,#N/A
635,"Boggs Avionics, Inc.",28465,#N/A
675,Cape Fear Aviation,28306,#N/A
1559,"Teamlease, Inc.",28305,#N/A
164,Magellan Aviation Group,28273,#N/A
679,"Carolina Avionics Group, LLC",28147,#N/A
772,Curtiss Wright,28052,#N/A
1520,"Strom Aviation, Inc., Denver",28037,#N/A
1033,"Inglewood Aviation, Inc.",28002,#N/A
597,"Barrier Island Aviation, Ltd.",27954,#N/A
359,"Air Care Aviation, Inc.",27822,#N/A
379,"Air-Care, Inc.",27822,#N/A
1545,TAC Air RDU,27560,#N/A
1710,"World Aero Space, Ltd.",27536,#N/A
162,Lord Corporation,27511,#N/A
86,DaVinci Aerospace,27410,#N/A
955,HAECO Cabin Solutions,27410,#N/A
1577,TIMCO LineCare,27410,#N/A
948,"Guardian Aviation Service, LLC",27344,#N/A
274,"Aero Avionics, Inc.",27330,#N/A
1592,"Triad Aviation, Inc.",27215,#N/A
1284,"Piedmont Propulsion Systems, Llc",27105,#N/A
1148,Mari-Lu Enterprises,27045,#N/A
1599,"Triumph Actuation Systems - Clemmons, LLC",27012,#N/A
1301,"Pratt & Whitney Engine Services, Inc.",26330,#N/A
133,Ice Shield De-icing Systems,26202,#N/A
310,"Aero-Smith, Inc.",25405,#N/A
1016,"Howard Aircraft, Inc.",25405,#N/A
1498,Sprint Aviation,24643,#N/A
947,"GSO Aviation, Inc.",24540,#N/A
923,Freedom Aviation,24502,#N/A
1525,"Stuart Aviation Consulting Services, Inc.",24171,#N/A
1702,"Wilkerson Aircraft Tires of Crew, Virginia",23930,#N/A
625,The Bionetics Corp.,23693,#N/A
1099,"L-3 Communications Flight International Aviation, LLC",23602,#N/A
729,"Coastal Aerospace, Inc.",23410,#N/A
315,Aerodyne Corp.,23321,#N/A
600,Bay Avionics Ltd.,23321,#N/A
1180,"Million Air, Richmond",23250,#N/A
814,"Dominion Resources, Inc.",23250,#N/A
812,"Dominion Aviation Services, Inc.",23237,#N/A
701,Charlottesville Flight Center,22911,#N/A
827,"Dynamic Aviation Group, Inc.",22812,#N/A
1373,"Rentech, Inc.",22205,#N/A
829,"Dyncorp International, LLC",22102,#N/A
956,"Hagerstown Aircraft Services, Inc.",21742,#N/A
1399,"Royal Aircraft Services, LLC",21742,#N/A
885,Fairchild Controls,21701,#N/A
1111,"Landmark Aviation, Frederick",21701,#N/A
1022,Hydrasearch Company Inc.,21666,#N/A
1705,"Wittsend Aviation, Inc.",21613,#N/A
373,"Air Repair, Inc.",21601,#N/A
530,"Avdyne Aeroservices, LLC.",21061,#N/A
1005,"Hinson Corp. Flight Services, Inc.",21061,#N/A
458,"American Aviation International Marketing, LLC",21045,#N/A
1564,Temple Allen Industries,20850,#N/A
433,Airverter,20794,#N/A
838,"Eaton Aerospace Group, Fluid & Electrical Distribution Division, Beltsville",20705,#N/A
382,Airbus,20171,#N/A
383,Airbus Americas,20171,#N/A
1534,"Sun Aircraft Services, Inc.",20166,#N/A
202,Saab Support and Services,20147,#N/A
1050,Iron Bow Healthcare Solutions,20120,#N/A
699,"Chantilly Air, Inc.",20110,#N/A
1426,SDAS Support and Services Division,20037,#N/A
599,Bay Acoustics Corp.,20003,#N/A
1448,"Signature Flight Support, Washington",20001,#N/A
452,Aloft Aeroarchitects,19947,#N/A
1540,"Sussex Aero Maintenance, Inc.",19947,#N/A
157,Krytox,19898,#N/A
702,Chemours,19898,#N/A
795,Delta Engineering,19720,#N/A
1532,"Summit Aviation, Inc.",19709,#N/A
1178,"Millennium Aviation, Inc.",19605,#N/A
1211,"New Garden Aviation, Inc.",19374,#N/A
229,"Wire and Cable Specialties, Inc.",19320,#N/A
1604,"Triumph Group, Inc.",19312,#N/A
351,AgustaWestland Philadelphia Corp.,19114,#N/A
1570,"Thermomegatech, Inc.",18974,#N/A
341,"Aerospace Testing & Pyrometry, Inc.",18013,#N/A
737,"Columbia Aircraft Services, Inc.",17815,#N/A
369,Air Parts of Lock Haven,17745,#N/A
996,"Henry Weber Aircraft Distributors, Inc.",17543,#N/A
263,"Advanced Composite Products, Inc.",17104,#N/A
1292,"Polymer Molding, Inc.",16502,#N/A
972,"Haski Aviation, Inc.",16116,#N/A
33,"AirGroup America, Inc.",16066,#N/A
429,Airquest Aviation,16002,#N/A
437,"Airwork Avionics, Inc.",15701,#N/A
1697,"Westmoreland Mechanical Testing & Research, Inc.",15696,#N/A
1251,Paradigm Aerospace Corp.,15666,#N/A
1663,"Vector Aerospace Engine Services- Atlantic., Pittsburgh",15650,#N/A
1664,"Vee Neal Aviation, Inc.",15650,#N/A
925,FRIEND AIRCARE,15301,#N/A
1351,"Quality Aviation Instruments, Inc.",15132,#N/A
197,QAI Aerospace,15131,#N/A
1606,"Triumph Interiors, LLC",15071,#N/A
1214,"NFF Avionics Services, Inc.",15001,#N/A
1029,IMR Test Labs,14882,#N/A
1554,Taughannock Aviation Corp.,14850,#N/A
264,"Advanced Plastic & Material Testing, Inc.",14850,#N/A
1056,"Jamestown Aviation Co., LLC",14701,#N/A
316,"AeroEd Inspection Services, LLC",14624,#N/A
1651,"USAirports Development, Inc.",14624,#N/A
1265,Penn Yan Aero,14527,#N/A
1058,"Jasco Heating Treating, Inc.",14450,#N/A
1363,Randall Farnsworth Collision Center,14424,#N/A
1324,"Prior Aviation Service, Inc.",14225,#N/A
16,"Aero Instruments & Avionics, Inc.",14120,#N/A
1724,Zodiac Oxygen Systems U.S.,14086,#N/A
41,Astronics Corporation,14052,#N/A
1188,Moog Inc.,14052,#N/A
641,"Boshart Enterprises & Aircraft Services, Inc.",14020,#N/A
465,"AMETEK Aerospace & Defense, Binghamton Service Center",13905,#N/A
58,BAE Systems,13760,#N/A
1234,"Oneida Research Services, Inc.",13492,#N/A
1186,Mohawk Valley EDGE,13441,#N/A
1320,"Premier Aviation Overhaul Center Ltd., Rome",13441,#N/A
113,GE Inspection Technologies,13152,#N/A
1547,Tactair Fluid Controls,13088,#N/A
1548,Tactair Fluid Controls Inc.,13088,#N/A
293,Aero Precision Sheet Metal LLC,12992,#N/A
685,Cawleys Aviation Service,12540,#N/A
1196,MTI Instruments Inc.,12205,#N/A
908,Flighttime,12092,#N/A
843,"Ed's Aircraft Refinishing, Inc.",11967,#N/A
1170,"Mid Island Air Service Inc, Brookhaven Airport",11967,#N/A
1202,NAASCO Northeast Corp.,11967,#N/A
1620,Turbo Dynamics Corp.,11803,#N/A
30,Aircraft Lighting International,11788,#N/A
403,Aircraft Lighting Int'l,11788,#N/A
381,"Airborne Maintenance, Inc.",11779,#N/A
751,"Consolidated Aircraft Supply Co., Inc.",11779,#N/A
756,"Corporate Service Supply & Manufacturing, Inc.",11779,#N/A
870,ExcelAire LLC,11779,#N/A
1045,"International Jet Interiors, Inc.",11779,#N/A
1053,"Islip Avionics, Inc.",11779,#N/A
1171,"Mid Island Air Service, Inc.",11779,#N/A
1428,"Seaboard Tank Systems, Inc.",11779,#N/A
1521,"Structural Testing Systems, Inc",11779,#N/A
1640,"Unipak Aviation, LLC",11779,#N/A
468,"AMETEK Ameron LLC,. New York",11741,#N/A
1698,Wet Technologies Inc.,11741,#N/A
395,Aircraft Engines & Components Corp.,11735,#N/A
556,"Aviation Repair Technical, Inc.",11733,#N/A
184,Nuvite Chemical Compounds,11722,#N/A
787,"Davis Aircraft Products Co., Inc.",11716,#N/A
788,"Davis Restraint Systems, Inc.",11716,#N/A
1221,Northeast Aero Compressor Corp.,11716,#N/A
656,"Burton Industries, Inc.",11704,#N/A
1123,"Lawrence Ripak Co., Inc.",11704,#N/A
39,"Arkwin Industries, Inc",11590,#N/A
490,"Arkwin Industries, Inc.",11590,#N/A
464,Ametek Aerospace & Defense,11530,#N/A
418,"Airlift Hydraulics, Inc.",11520,#N/A
543,Aviation Avionics & Instrument Corp.,11520,#N/A
1140,Mach II Maintenance Corp.,11430,#N/A
1092,Kerns Manufacturing Corp.,11101,#N/A
146,Jamaica Bearings Group,11040,#N/A
1241,Oxford Airport Technical Services,11003,#N/A
770,CTG,10701,#N/A
1114,Landmark Aviation-HPN,10604,#N/A
1449,"Signature Flight Support, White Plains",10604,#N/A
1703,"William Nicholas Bodouva & Associates, P.C.",10018,#N/A
370,"Air Pegasus Heliport, Inc.",10001,#N/A
1266,"Pentagon 2000 Software, Inc.",10001,#N/A
1569,Thales,8854,#N/A
199,Ramco Systems Corporation,8648,#N/A
1113,"Landmark Aviation, TTN",8628,#N/A
1182,"MISTRAS Group, Inc.",8550,#N/A
3,Chemetall,7974,#N/A
992,"Heliport Systems, Inc.",7960,#N/A
1493,Spectro | Jet-Care,7927,#N/A
10,Accudraft Paint Booths,7869,#N/A
375,Air Safety Equipment Inc.,7733,#N/A
1675,"Vitronics, Inc.",7724,#N/A
1725,Zodiac Services Americas - New Jersey,7719,#N/A
1124,The Leather Institute,7701,#N/A
933,"General Air, Inc.",7644,#N/A
786,Dassault Falcon Jet Corp.,7643,#N/A
1424,"Scheme Designers, Inc.",7626,#N/A
752,"Consolidated Instrument Co., Inc.",7608,#N/A
906,"FlightPath Services, Inc.",7608,#N/A
1066,Jet Aviation Teterboro,7608,#N/A
663,"Cabin Crafters, Inc.",7606,#N/A
834,East Air Corp.,7601,#N/A
130,HYTORC,7430,#N/A
36,American Aluminum Casting Co.,7111,#N/A
1656,Valcor Engineering Corp.,7081,#N/A
102,First Aviation Services Inc.,6880,#N/A
945,Gridiron Capital LLC,6840,#N/A
594,The Barden Corp.,6813,#N/A
826,Dymax,6790,#N/A
1669,Vertex Aeroinformatix,6759,#N/A
1451,"Sikorsky Aircraft, Customer Support",6611,#N/A
1452,"Sikorsky Aircraft, Trumbull Overhaul & Repair",6611,#N/A
460,"American Metaseal of Connecticut, Inc.",6514,#N/A
1706,"Wood Group Component Repair, Inc.",6492,#N/A
644,"Bracone Metal Spinning, Inc.",6489,#N/A
1453,"Sikorsky Support Services, Inc.",6484,#N/A
905,"Flight Support, Inc.",6473,#N/A
77,"Colonial Coatings, Inc",6461,#N/A
350,AGC Acquisition LLC,6451,#N/A
120,HarcoSemco LLC,6405,#N/A
101,FiberQA LLC,6371,#N/A
1432,Sennheiser Electronic Corp.,6371,#N/A
736,"Columbia Air Services, Inc.",6340,#N/A
1118,"Lanmar Aviation, Inc.",6340,#N/A
78,Columbia Manufacturing,6237,#N/A
739,"Columbia Manufacturing, Inc.",6237,#N/A
749,Connecticut Aero Tech School,6114,#N/A
844,EDAC Aero Engine Components Repair,6111,#N/A
163,Lynn Welding,6111,#N/A
265,Advanced Torque Products,6111,#N/A
1024,"Hydro Honing Laboratories, Inc.",6108,#N/A
194,Pratt & Whitney,6108,#N/A
190,Peening Technologies,6108,#N/A
968,"Hartford Aviation Group, Inc.",6103,#N/A
59,Barnes Aerospace,6095,#N/A
60,Barnes Aerospace/Windsor Airmotive,6095,#N/A
313,Aerodirect,6090,#N/A
1340,"PTR - Precision Technologies, Inc.",6082,#N/A
1625,TWIN MRO,6074,#N/A
942,"Global Turbine Component Technologies, LLC",6074,#N/A
1197,"MTU Aero Engines North America, Inc.",6067,#N/A
1252,Paradigm Precision,6042,#N/A
668,"Cametoid Technologies, Inc.",6040,#N/A
632,"Bodycote Thermal Processing, Inc",6037,#N/A
1175,Midsun Specialty Products,6037,#N/A
119,Habco Industries,6033,#N/A
1333,"Projects, Inc.",6033,#N/A
1343,"PW Power Systems, Inc.",6033,#N/A
1161,MB Aerospace,6026,#N/A
1444,"Signature Flight Support, Hartford",6026,#N/A
61,Bauer,6010,#N/A
480,Aqua Blasting Corp.,6002,#N/A
1357,R&D Dynamics,6002,#N/A
1613,Turbine Controls Inc.,6002,#N/A
1616,"Turbine Maintenance, Inc.",6002,#N/A
1612,Turbine Controls Inc / Turbine Controls LLC,6001,#N/A
1639,"Unified Turbines, Inc.",5468,#N/A
56,Aviatron Inc.,5403,#N/A
314,Aerodyme Corp.,5403,#N/A
998,Heritage Aviation,5403,#N/A
232,"Techmetals, Inc.",4503,#N/A
67,C&L Aviation Group,4401,#N/A
662,C&L Aviation Group,4401,#N/A
1242,"Oxford Aviation, Inc.",4270,#N/A
1145,Maine Aviation Corp.,4102,#N/A
1222,"Northeast Air, Inc.",4102,#N/A
1401,Rubb Building Systems,4073,#N/A
652,Brunswick Executive Airport,4011,#N/A
522,"Atlas Aircraft Center, Inc.",3801,#N/A
1293,"Port City Air, Inc.",3801,#N/A
943,"Granite Air Center, LLC",3784,#N/A
761,Craig Avionics,3302,#N/A
160,Lewis & Saunders,3246,#N/A
1701,"Wiggins Airways, Inc.",3103,#N/A
324,AeroRepair Corp.,3053,#N/A
1327,"Pro Star Aviation, LLC",3053,#N/A
254,Accurate Brazing Corp.,3045,#N/A
1031,"Induplate, LLC",2911,#N/A
1218,"Noreast Aviation Services, Inc.",2746,#N/A
518,"Atlantic Aero Support, Inc.",2601,#N/A
946,"Griffin Avionics, Inc.",2601,#N/A
999,"Heritage Turbines, Inc.",2601,#N/A
1323,"Prime Turbines, Inc.",2601,#N/A
1331,Professional Pilots Aircraft Maintenance,2360,#N/A
1339,PTC,2210,#N/A
1032,"Industrial Heat Treating, Inc.",2171,#N/A
63,Berry Global,2038,#N/A
1341,Pulse Systems Inc.,2021,#N/A
584,"Axiam, Inc.",1930,#N/A
960,"Hansen Aerospace Laboratory, Inc.",1923,#N/A
886,Falcon Air,1845,#N/A
1236,OSAAP,1824,#N/A
1237,OSAAP America,1824,#N/A
835,East Coast Aero Club,1730,#N/A
1440,"Signature Flight Support, Bedford",1730,#N/A
355,Aimtek/Atech Turbine Components,1501,#N/A
1578,Tip Towing,1450,#N/A
1623,"Turboprop East, Inc.",1247,#N/A
613,"Berkshire Aviation Enterprises, Inc.",1230,#N/A
1538,Super Brush Llc,1151,#N/A
276,Aero Bond Corp.,1108,#N/A
1291,"Poly-Metal Finishing, Inc.",1108,#N/A
918,"Fountain Plating Co., Inc.",1089,#N/A
1044,International Beam Welding Corp.,1089,#N/A
1696,Westfield Gage Overhaul & Repair,1077,#N/A
654,BSR Avionics,1060,#N/A
824,"Duval Precision Grinding, Inc.",1022,#N/A
803,"Devos Borescope Blending, LLC",1022,#N/A
1012,"Hoppe Technologies, Inc.",1020,#N/A
842,EBTEC Corp.,1001,#N/A
339,"Aerospace Support, Inc.",1001,#N/A
1130,"Liferafts, Inc.",982,#N/A
1052,Isla Grande Flying School & Service Corp.,919,#N/A
491,Arlet Aviation LLC.,907,#N/A
